country,asin
de,1015
fr,1015
de,000004458X
fr,000004458X
de,1002198
fr,1002198
fr,1002791
it,1002791
de,1002864
fr,1002864
de,1003704
fr,1003704
de,1003763
fr,1003763
fr,1004271
it,1004271
de,000101742X
fr,000101742X
de,1017519
fr,1017519
de,000102163X
fr,000102163X
fr,1022369
it,1022369
fr,1022857
it,1022857
de,1032666
fr,1032666
de,1034677
fr,1034677
de,1034936
fr,1034936
de,1034944
fr,1034944
de,1035002
fr,1035002
de,1035029
fr,1035029
de,1035053
es,1035053
fr,1035053
de,1035339
fr,1035339
de,1036866
es,1036866
fr,1036866
de,1037137
fr,1037137
de,1037188
fr,1037188
de,1037994
fr,1037994
de,000103863X
fr,000103863X
de,1039466
fr,1039466
fr,1040871
it,1040871
de,1040979
fr,1040979
de,1040987
fr,1040987
de,1041002
fr,1041002
de,1041991
fr,1041991
de,000104317X
fr,000104317X
de,1043331
fr,1043331
de,000104348X
fr,000104348X
de,1043498
fr,1043498
de,1043773
fr,1043773
de,000104396X
fr,000104396X
de,1048325
fr,1048325
de,1049119
fr,1049119
de,1057774
fr,1057774
de,1057790
es,1057790
fr,1057790
de,1057812
es,1057812
fr,1057812
de,1057987
fr,1057987
de,1059238
fr,1059238
de,1060619
fr,1060619
de,1060694
es,1060694
fr,1060694
de,1061305
fr,1061305
de,1063685
fr,1063685
de,1065440
fr,1065440
de,1065548
fr,1065548
de,1066544
fr,1066544
de,1067087
fr,1067087
de,1067311
fr,1067311
es,000106875X
fr,000106875X
it,000106875X
de,1069470
fr,1069470
de,1070991
fr,1070991
de,000107119X
fr,000107119X
de,1072064
de,1072226
fr,1072226
de,1072250
fr,1072250
de,1072498
fr,1072498
de,1073389
fr,1073389
de,1073915
fr,1073915
de,1074504
fr,1074504
de,1074954
fr,1074954
de,1075691
fr,1075691
de,1075969
fr,1075969
de,1075977
fr,1075977
de,1077619
fr,1077619
de,1077732
fr,1077732
de,1077988
fr,1077988
de,1078550
fr,1078550
de,1079131
fr,1079131
de,1079875
fr,1079875
de,1080245
fr,1080245
de,1080350
fr,1080350
fr,1080601
it,1080601
de,1080814
fr,1080814
fr,1081373
it,1081373
de,000108142X
es,000108142X
fr,000108142X
de,1081470
fr,1081470
de,000108173X
fr,000108173X
fr,000108299X
it,000108299X
de,1083309
fr,1083309
de,1083414
fr,1083414
de,1083902
fr,1083902
de,1084615
fr,1084615
de,1084704
fr,1084704
de,1085190
fr,1085190
fr,1085549
it,1085549
de,1085727
fr,1085727
fr,1085840
it,1085840
fr,1086413
it,1086413
de,1086553
fr,1086553
fr,000108657X
it,000108657X
de,000108660X
fr,000108660X
de,000108688X
fr,000108688X
de,1087061
fr,1087061
de,1087126
fr,1087126
fr,1087177
it,1087177
de,1087320
fr,1087320
de,1087495
fr,1087495
de,1088114
fr,1088114
de,1088335
fr,1088335
fr,1088351
it,1088351
de,000108898X
fr,000108898X
fr,1089013
it,1089013
de,000108917X
fr,000108917X
de,1089951
fr,1089951
de,1090224
fr,1090224
de,1090283
fr,1090283
de,1090941
fr,1090941
de,1091182
fr,1091182
de,1091425
fr,1091425
de,1091662
fr,1091662
de,1091832
fr,1091832
de,1092006
fr,1092006
de,1092014
fr,1092014
de,1092049
fr,1092049
de,000109212X
fr,000109212X
de,1092138
fr,1092138
de,1092227
fr,1092227
de,1092286
fr,1092286
de,000109257X
fr,000109257X
de,1093002
fr,1093002
de,1093134
fr,1093134
de,1093800
fr,1093800
de,000109453X
fr,000109453X
de,1094556
fr,1094556
de,1094580
fr,1094580
de,1095072
fr,1095072
de,1095293
fr,1095293
de,1095579
fr,1095579
de,1095951
fr,1095951
fr,1096168
it,1096168
de,1096303
fr,1096303
de,1096478
fr,1096478
de,1097784
fr,1097784
de,000109825X
fr,000109825X
de,1098284
fr,1098284
de,1098691
fr,1098691
fr,1099183
it,1099183
de,1099515
fr,1099515
fr,1100505
it,1100505
de,1100726
fr,1100726
de,1100742
fr,1100742
de,1100777
fr,1100777
de,1102249
fr,1102249
de,1103148
fr,1103148
de,1103369
fr,1103369
de,1106538
fr,1106538
de,1106597
fr,1106597
de,1106740
fr,1106740
de,1106775
fr,1106775
de,1106929
fr,1106929
de,1106996
fr,1106996
de,1107046
fr,1107046
de,1107178
fr,1107178
de,1107267
fr,1107267
de,000110733X
fr,000110733X
de,1109596
fr,1109596
de,1109634
fr,1109634
de,1109693
fr,1109693
de,1109723
es,1109723
fr,1109723
fr,1112031
it,1112031
de,000111252X
fr,000111252X
de,1113623
fr,1113623
de,1113844
fr,1113844
de,1115626
fr,1115626
de,1115707
fr,1115707
de,1117823
fr,1117823
de,1120409
fr,1120409
de,1120972
fr,1120972
de,1121790
fr,1121790
de,1123335
fr,1123335
de,1123734
fr,1123734
de,1126334
fr,1126334
de,1126350
fr,1126350
de,1128876
fr,1128876
de,1130072
fr,1130072
de,1130951
fr,1130951
de,1131273
fr,1131273
de,1131427
fr,1131427
de,1132814
fr,1132814
de,1133705
fr,1133705
de,1137727
fr,1137727
de,1137999
fr,1137999
de,1138235
fr,1138235
de,1139371
fr,1139371
de,1139398
fr,1139398
fr,1140795
it,1140795
de,1141341
es,1141341
fr,1141341
de,1144553
fr,1144553
de,1144634
fr,1144634
de,1144685
fr,1144685
de,1145452
fr,1145452
de,1147102
fr,1147102
de,1148516
fr,1148516
de,1149458
fr,1149458
de,1150251
fr,1150251
de,1150456
fr,1150456
fr,1151827
it,1151827
de,1152661
fr,1152661
de,1153226
fr,1153226
de,1153234
fr,1153234
de,1154036
fr,1154036
de,000115687X
fr,000115687X
de,1157078
fr,1157078
fr,1157981
it,1157981
de,1168061
fr,1168061
de,1168266
fr,1168266
de,1170481
fr,1170481
de,1171135
fr,1171135
de,1171550
fr,1171550
de,1172093
fr,1172093
de,1172484
fr,1172484
de,1177737
fr,1177737
de,1178490
fr,1178490
de,1189662
fr,1189662
de,1190903
fr,1190903
de,1193287
fr,1193287
de,1195883
fr,1195883
de,1199013
fr,1199013
de,1200534
fr,1200534
de,1201344
fr,1201344
de,1202405
fr,1202405
de,1203231
fr,1203231
de,2000970
fr,2000970
de,4130251
fr,4130251
de,4132505
fr,4132505
de,4160177
fr,4160177
de,4160266
fr,4160266
de,4160398
fr,4160398
de,4160401
fr,4160401
de,000416041X
fr,000416041X
de,4160592
fr,4160592
de,4160665
fr,4160665
de,4160673
fr,4160673
de,4160800
fr,4160800
de,4160886
fr,4160886
de,4161041
fr,4161041
de,000416105X
fr,000416105X
de,4161114
fr,4161114
de,4161130
fr,4161130
de,4161149
fr,4161149
de,4161262
fr,4161262
de,4161475
fr,4161475
de,4161858
fr,4161858
de,4161939
fr,4161939
de,4161955
fr,4161955
fr,000416198X
it,000416198X
de,4162064
fr,4162064
de,4162072
fr,4162072
de,4162188
fr,4162188
de,4162358
fr,4162358
de,4162552
fr,4162552
de,4162811
fr,4162811
de,4162838
fr,4162838
de,4162854
fr,4162854
de,4163230
fr,4163230
de,4163524
fr,4163524
de,4163583
fr,4163583
it,4163583
de,4163621
fr,4163621
de,4163737
fr,4163737
de,4163788
fr,4163788
fr,4163923
it,4163923
de,4164016
fr,4164016
de,000416413X
fr,000416413X
de,000416444X
fr,000416444X
de,4164474
fr,4164474
de,4164482
fr,4164482
de,4164598
fr,4164598
de,4164830
fr,4164830
de,4164938
fr,4164938
de,000416508X
fr,000416508X
de,000416511X
fr,000416511X
de,4165829
fr,4165829
de,4165845
fr,4165845
de,4166345
fr,4166345
fr,4166523
it,4166523
de,4167082
fr,4167082
de,4167384
fr,4167384
de,4167465
fr,4167465
de,4167848
fr,4167848
fr,000416816X
it,000416816X
de,4168240
fr,4168240
de,4168275
fr,4168275
de,4168615
fr,4168615
de,4168631
fr,4168631
de,4169115
fr,4169115
de,4169573
fr,4169573
fr,4169646
it,4169646
de,4169662
fr,4169662
fr,4169751
it,4169751
de,000416976X
fr,000416976X
de,4169786
fr,4169786
fr,4169859
it,4169859
de,4170342
fr,4170342
de,4171055
fr,4171055
de,4171128
fr,4171128
de,4171187
fr,4171187
de,4171195
fr,4171195
de,4171330
fr,4171330
de,000417156X
fr,000417156X
de,4171578
fr,4171578
de,4171608
fr,4171608
de,4171675
fr,4171675
de,4171683
fr,4171683
de,4171691
fr,4171691
de,4171713
fr,4171713
de,000417173X
fr,000417173X
de,4171780
fr,4171780
de,4171802
fr,4171802
de,4171853
fr,4171853
de,4171985
fr,4171985
de,4172019
fr,4172019
de,4172043
fr,4172043
de,000417206X
fr,000417206X
de,4172078
fr,4172078
de,4172175
fr,4172175
de,4172191
fr,4172191
de,4172256
fr,4172256
de,4172264
fr,4172264
de,4172302
fr,4172302
de,4172353
fr,4172353
de,000417237X
fr,000417237X
de,4172396
fr,4172396
de,000417240X
fr,000417240X
de,4172426
fr,4172426
de,4172442
fr,4172442
de,4172469
fr,4172469
de,4172507
fr,4172507
de,4172515
fr,4172515
de,4172558
fr,4172558
de,4172566
fr,4172566
de,4172612
fr,4172612
de,4172620
fr,4172620
de,4172655
fr,4172655
de,4172671
fr,4172671
de,000417268X
fr,000417268X
de,4172698
fr,4172698
de,4172701
fr,4172701
de,000417271X
fr,000417271X
de,4172736
fr,4172736
de,4172744
fr,4172744
de,4172833
fr,4172833
de,4172841
fr,4172841
de,4172884
fr,4172884
de,4172906
fr,4172906
de,4172922
fr,4172922
de,4172930
fr,4172930
de,4172957
fr,4172957
de,4172973
fr,4172973
de,4173082
fr,4173082
de,4173090
fr,4173090
de,4173120
fr,4173120
de,4173163
fr,4173163
de,000417318X
fr,000417318X
de,4173198
fr,4173198
de,4173201
fr,4173201
de,4173228
fr,4173228
de,4173252
fr,4173252
de,4173295
fr,4173295
de,4173309
fr,4173309
de,4173325
fr,4173325
de,4173333
fr,4173333
de,000417335X
fr,000417335X
de,4173376
fr,4173376
de,4173384
fr,4173384
de,4173406
fr,4173406
de,4173430
fr,4173430
de,4173473
fr,4173473
de,4173538
fr,4173538
de,4173589
fr,4173589
de,4173643
fr,4173643
de,4173899
fr,4173899
de,4174194
fr,4174194
de,4174348
fr,4174348
de,4174380
fr,4174380
it,4174380
fr,4174399
it,4174399
de,4174453
fr,4174453
fr,4174496
it,4174496
de,4174518
fr,4174518
de,4174542
fr,4174542
de,4174933
fr,4174933
de,4175360
fr,4175360
de,4175387
fr,4175387
de,4175522
fr,4175522
de,4175778
fr,4175778
de,4175794
fr,4175794
de,4175816
fr,4175816
de,4175972
fr,4175972
de,4176170
fr,4176170
de,4176324
fr,4176324
fr,4176367
it,4176367
fr,4176421
it,4176421
de,4176448
fr,4176448
de,4176731
fr,4176731
de,4176839
fr,4176839
de,4176847
fr,4176847
de,4176960
fr,4176960
de,4176995
fr,4176995
de,4177118
fr,4177118
de,4177134
fr,4177134
de,4177347
fr,4177347
fr,4177371
it,4177371
fr,4177649
it,4177649
de,4177940
fr,4177940
de,4177967
fr,4177967
de,4177975
fr,4177975
de,4178033
fr,4178033
de,000417805X
fr,000417805X
de,4178084
fr,4178084
de,4178459
fr,4178459
de,4178491
fr,4178491
de,4178564
fr,4178564
de,4178645
fr,4178645
de,000417870X
fr,000417870X
de,4178750
fr,4178750
de,4179943
fr,4179943
fr,4180542
it,4180542
de,4182154
de,4182170
fr,4182170
de,4182197
fr,4182197
de,4182510
fr,4182510
de,4182634
fr,4182634
de,4183614
fr,4183614
de,4184289
fr,4184289
de,4184866
fr,4184866
de,4200101
fr,4200101
de,4200128
fr,4200128
de,4200624
fr,4200624
it,4200624
de,4200675
fr,4200675
de,4200756
fr,4200756
de,4200764
fr,4200764
de,4201183
fr,4201183
fr,4201604
it,4201604
de,4201612
fr,4201612
de,4202406
fr,4202406
de,4206827
fr,4206827
de,4207181
fr,4207181
de,000420736X
fr,000420736X
de,4208625
fr,4208625
de,4209508
fr,4209508
de,4209656
fr,4209656
de,4210778
fr,4210778
de,4211170
fr,4211170
de,4211308
fr,4211308
de,4211421
fr,4211421
de,000421143X
fr,000421143X
de,4211472
fr,4211472
de,4211596
fr,4211596
de,4211618
fr,4211618
de,4211634
fr,4211634
de,4211650
fr,4211650
de,4211669
fr,4211669
de,4211715
fr,4211715
de,4211723
fr,4211723
de,4211782
fr,4211782
de,4211812
fr,4211812
de,4211855
fr,4211855
de,4211863
fr,4211863
de,4212029
fr,4212029
de,4480007
fr,4480007
de,4480422
fr,4480422
fr,4480570
it,4480570
de,4481127
fr,4481127
de,4481429
fr,4481429
de,4482093
fr,4482093
fr,4482174
it,4482174
fr,4482190
it,4482190
fr,4482204
it,4482204
de,4484029
fr,4484029
de,4484320
fr,4484320
de,4484339
fr,4484339
de,4484347
fr,4484347
fr,4484355
it,4484355
de,4484428
fr,4484428
de,4484436
fr,4484436
fr,4484479
it,4484479
de,4484568
fr,4484568
de,4484576
fr,4484576
de,4484584
fr,4484584
fr,4484592
it,4484592
de,4484606
fr,4484606
de,4484622
fr,4484622
de,4484649
fr,4484649
de,4484657
fr,4484657
de,4484665
fr,4484665
de,4484681
fr,4484681
de,4484894
fr,4484894
de,4484924
fr,4484924
de,4485742
fr,4485742
de,4486072
fr,4486072